country;sdi_level;female_age_standardised_prevalence_2015;male_age_standardised_prevalence_2015;annualised_rate_of_change_female_1990_2015;annualised_rate_of_change_male_1990_2015;annualised_rate_of_change_female_1990_2005;annualised_rate_of_change_male_1990_2005;annualised_rate_of_change_female_2005_2015;annualised_rate_of_change_male_2005_2015
Global;;5.4 (5.1 to 5.7);25.0 (24.2 to 25.7);-1.7 (-2.0 to -1.4);-1.3 (-1.5 to -1.2);-1.6 (-2.0 to -1.2);-1.2 (-1.4 to -1.0);-1.8 (-2.4 to -1.1);-1.5 (-1.9 to -1.1)
Afghanistan;Low SDI;7.0 (4.6 to 9.7);21.4 (18.4 to 24.7);0.1 (-2.0 to 2.3);0.5 (-0.4 to 1.3);-0.1 (-3.5 to 3.1);0.6 (-0.8 to 2.0);0.4 (-4.2 to 4.6);0.2 (-1.7 to 2.1)
Albania;High-middle SDI;2.3 (1.8 to 2.9);29.0 (26.2 to 31.8);0.0 (-1.3 to 1.2);-0.5 (-1.0 to 0.0);-0.8 (-2.6 to 1.1);-1.0 (-1.7 to -0.3);1.2 (-1.3 to 3.6);0.2 (-0.8 to 1.2)
Algeria;Middle SDI;2.2 (1.5 to 3.2);17.5 (14.9 to 20.4);-5.3 (-7.4 to -3.3);-1.2 (-2.1 to -0.3);-5.4 (-8.6 to -2.5);-1.7 (-3.0 to -0.4);-5.1 (-9.6 to -0.7);-0.4 (-2.1 to 1.5)
American Samoa;High-middle SDI;12.8 (10.3 to 15.4);27.2 (23.7 to 31.1);-0.1 (-1.3 to 1.0);-0.4 (-1.2 to 0.3);0.4 (-1.2 to 2.0);-0.4 (-1.4 to 0.7);-0.9 (-3.0 to 1.2);-0.4 (-1.9 to 1.0)
Andorra;High SDI;18.4 (15.9 to 21.0);24.9 (21.9 to 27.6);-0.5 (-1.4 to 0.2);-1.0 (-1.6 to -0.3);-0.3 (-1.5 to 0.9);-0.8 (-1.7 to 0.1);-0.9 (-2.5 to 0.7);-1.1 (-2.4 to 0.1)
Angola;Low-middle SDI;1.6 (0.9 to 2.6);14.2 (12.5 to 16.1);-0.7 (-3.5 to 2.2);0.5 (-0.2 to 1.3);-1.2 (-5.7 to 3.3);0.4 (-0.8 to 1.5);0.0 (-6.0 to 5.7);0.8 (-0.8 to 2.3)
Antigua and Barbuda;High SDI;2.2 (1.6 to 3.0);4.4 (3.4 to 5.7);1.4 (-0.4 to 3.3);0.6 (-0.9 to 2.0);1.8 (-1.1 to 4.7);1.8 (-0.9 to 4.1);0.9 (-2.7 to 4.9);-1.2 (-4.1 to 2.0)
Argentina;High-middle SDI;14.6 (12.7 to 16.6);21.1 (18.6 to 23.6);-1.1 (-1.9 to -0.4);-1.0 (-1.7 to -0.3);-1.0 (-2.2 to 0.2);-1.0 (-2.0 to 0.1);-1.2 (-3.0 to 0.4);-1.1 (-2.6 to 0.4)
Armenia;High-middle SDI;1.5 (1.1 to 2.1);43.5 (40.0 to 46.9);0.3 (-1.5 to 2.2);0.0 (-0.4 to 0.5);1.1 (-1.7 to 4.0);0.6 (-0.1 to 1.3);-0.8 (-4.5 to 3.1);-0.7 (-1.7 to 0.1)
Australia;High SDI;13.3 (12.4 to 14.3);15.6 (14.5 to 16.6);-2.1 (-2.4 to -1.8);-1.9 (-2.2 to -1.6);-2.3 (-2.7 to -1.9);-1.7 (-2.1 to -1.4);-1.9 (-2.7 to -1.1);-2.2 (-3.0 to -1.4)
Austria;High SDI;22.7 (20.2 to 25.5);30.0 (27.4 to 32.6);0.3 (-0.3 to 1.0);-0.3 (-0.7 to 0.2);1.1 (0.2 to 1.9);-0.3 (-0.9 to 0.3);-0.8 (-2.1 to 0.5);-0.2 (-1.3 to 0.8)
Azerbaijan;High-middle SDI;1.6 (1.1 to 2.1);40.2 (36.5 to 43.7);1.1 (-0.7 to 2.7);0.9 (0.3 to 1.5);0.9 (-2.0 to 3.7);0.6 (-0.3 to 1.5);1.3 (-2.7 to 5.2);1.3 (0.1 to 2.4)
Bahrain;High-middle SDI;6.2 (4.4 to 8.9);12.1 (10.1 to 14.3);-0.2 (-2.2 to 1.7);-1.3 (-2.3 to -0.4);-0.5 (-3.6 to 2.5);-1.9 (-3.3 to -0.5);0.2 (-3.7 to 4.5);-0.3 (-2.4 to 1.7)
Bangladesh;Low-middle SDI;1.8 (1.1 to 2.6);38.0 (34.1 to 42.6);-2.9 (-5.2 to -0.4);0.3 (-0.4 to 1.0);-1.9 (-5.2 to 1.7);0.4 (-0.5 to 1.4);-4.3 (-9.7 to 0.6);0.0 (-1.2 to 1.3)
Barbados;High-middle SDI;2.1 (1.5 to 3.0);6.9 (5.4 to 8.9);1.3 (-0.6 to 3.3);0.3 (-1.1 to 1.7);1.5 (-1.5 to 4.6);1.0 (-1.0 to 3.2);1.1 (-3.2 to 5.5);-0.7 (-3.8 to 2.2)
Belarus;High SDI;13.5 (11.4 to 15.9);42.4 (39.7 to 45.1);0.7 (-0.3 to 1.8);-0.8 (-1.2 to -0.5);0.3 (-1.6 to 2.1);-1.5 (-2.0 to -0.9);1.3 (-1.0 to 3.8);0.1 (-0.7 to 1.0)
Belgium;High SDI;16.7 (15.0 to 18.4);21.2 (19.4 to 23.2);-1.1 (-1.6 to -0.6);-1.6 (-2.0 to -1.2);-1.0 (-1.8 to -0.2);-1.5 (-2.1 to -0.9);-1.3 (-2.7 to 0.1);-1.7 (-2.8 to -0.5)
Belize;Middle SDI;2.1 (1.6 to 2.9);13.3 (10.7 to 16.0);-0.9 (-2.5 to 0.9);-1.0 (-2.2 to 0.1);-1.2 (-3.9 to 1.6);-1.4 (-3.0 to 0.4);-0.4 (-4.1 to 3.5);-0.6 (-3.0 to 1.7)
Benin;Low SDI;1.0 (0.7 to 1.5);8.6 (7.3 to 10.2);-3.8 (-6.2 to -1.6);-0.8 (-1.8 to 0.2);-4.4 (-7.9 to -1.0);-0.5 (-1.9 to 0.9);-3.0 (-7.7 to 1.6);-1.3 (-3.4 to 0.8)
Bermuda;High SDI;4.7 (3.5 to 6.3);13.3 (10.8 to 16.1);-1.1 (-2.8 to 0.5);-1.0 (-2.2 to 0.2);-1.5 (-4.1 to 1.3);-1.0 (-2.8 to 1.0);-0.6 (-4.2 to 3.0);-0.9 (-3.6 to 1.6)
Bhutan;Low-middle SDI;3.8 (2.9 to 4.8);8.5 (7.2 to 9.9);0.3 (-1.8 to 2.4);-0.5 (-1.6 to 0.7);-0.2 (-3.9 to 3.6);-1.1 (-3.0 to 1.1);1.0 (-3.3 to 5.5);0.4 (-2.1 to 3.0)
Bolivia;Middle SDI;8.8 (7.1 to 10.7);32.1 (27.5 to 37.1);-1.1 (-2.3 to 0.0);-0.3 (-1.1 to 0.5);-0.4 (-2.0 to 1.3);0.8 (-0.1 to 1.9);-2.2 (-4.5 to 0.1);-1.9 (-3.5 to -0.4)
Bosnia and Herzegovina;High-middle SDI;21.1 (18.0 to 24.5);36.0 (33.3 to 38.7);0.5 (-0.4 to 1.5);0.2 (-0.2 to 0.7);0.5 (-0.8 to 1.9);0.6 (0.0 to 1.3);0.5 (-1.2 to 2.1);-0.3 (-1.1 to 0.5)
Botswana;Middle SDI;4.3 (3.2 to 5.5);18.3 (16.3 to 20.5);-1.0 (-2.4 to 0.5);-0.4 (-1.1 to 0.2);-1.1 (-3.4 to 1.2);-0.6 (-1.5 to 0.3);-0.8 (-4.1 to 2.3);-0.2 (-1.5 to 1.1)
Brazil;Middle SDI;8.2 (7.5 to 9.0);12.6 (11.8 to 13.5);-3.3 (-3.9 to -2.7);-3.3 (-3.8 to -2.9);-3.4 (-4.3 to -2.6);-3.8 (-4.4 to -3.2);-3.0 (-4.1 to -1.9);-2.6 (-3.5 to -1.8)
Brunei;High SDI;3.7 (3.1 to 4.4);19.8 (18.0 to 21.8);-0.3 (-1.2 to 0.6);-0.7 (-1.3 to -0.2);-0.4 (-1.8 to 1.1);-0.8 (-1.7 to -0.1);-0.3 (-2.3 to 1.7);-0.6 (-1.7 to 0.5)
Bulgaria;High-middle SDI;28.3 (24.5 to 32.0);35.2 (32.4 to 38.0);0.6 (-0.3 to 1.5);-0.6 (-1.0 to -0.1);1.3 (0.1 to 2.8);0.0 (-0.6 to 0.6);-0.5 (-2.1 to 1.1);-1.4 (-2.4 to -0.5)
Burkina Faso;Low SDI;4.2 (2.8 to 6.3);12.5 (10.7 to 14.9);-1.0 (-3.4 to 1.2);-0.6 (-1.5 to 0.4);-1.0 (-4.3 to 2.4);-0.6 (-2.2 to 1.0);-1.0 (-5.3 to 3.5);-0.5 (-2.6 to 1.7)
Burundi;Low SDI;0.9 (0.7 to 1.2);9.7 (7.9 to 11.7);-1.1 (-2.4 to 0.2);-0.9 (-2.0 to 0.2);-1.5 (-3.4 to 0.5);-1.3 (-3.1 to 0.3);-0.6 (-3.2 to 2.1);-0.3 (-2.8 to 2.3)
Cambodia;Low-middle SDI;3.8 (2.8 to 5.1);34.2 (31.8 to 36.6);-1.8 (-3.7 to 0.2);-1.0 (-1.4 to -0.6);-2.1 (-4.5 to 0.5);-0.5 (-1.0 to 0.1);-1.3 (-4.8 to 1.9);-1.8 (-2.6 to -1.0)
Cameroon;Low-middle SDI;1.6 (1.2 to 2.1);8.3 (7.1 to 9.6);-1.5 (-3.6 to 0.6);-1.1 (-2.0 to -0.2);-2.0 (-5.7 to 1.7);-0.9 (-2.4 to 0.8);-0.7 (-4.8 to 3.8);-1.6 (-3.7 to 0.6)
Canada;High SDI;12.4 (10.8 to 14.2);14.5 (12.6 to 16.7);-2.8 (-3.3 to -2.2);-2.5 (-3.0 to -1.9);-3.7 (-4.4 to -3.1);-3.0 (-3.6 to -2.4);-1.4 (-2.8 to 0.0);-1.6 (-3.1 to 0.0)
Cape Verde;Low-middle SDI;2.5 (1.7 to 3.6);9.8 (8.0 to 11.7);-0.9 (-3.1 to 1.3);-0.6 (-1.6 to 0.6);-1.1 (-4.3 to 2.4);-0.7 (-2.2 to 0.8);-0.6 (-5.2 to 4.0);-0.3 (-2.5 to 1.8)
Central African Republic;Low SDI;1.4 (0.8 to 2.2);11.6 (10.1 to 13.4);-0.8 (-3.6 to 1.9);0.3 (-0.4 to 1.1);-1.2 (-6.1 to 3.0);0.2 (-1.0 to 1.3);-0.2 (-6.5 to 6.1);0.6 (-1.0 to 2.2)
Chad;Low SDI;1.9 (1.3 to 2.8);11.5 (9.6 to 13.8);-0.8 (-3.0 to 1.4);-0.2 (-1.2 to 0.8);-0.8 (-4.1 to 2.5);-0.2 (-1.5 to 1.3);-0.7 (-5.2 to 3.8);-0.2 (-2.2 to 1.5)
Chile;High-middle SDI;22.7 (20.1 to 25.3);27.7 (24.8 to 30.8);0.9 (0.2 to 1.6);0.3 (-0.3 to 1);1.9 (1.0 to 2.9);1.2 (0.4 to 2.0);-0.6 (-2.0 to 0.7);-1.0 (-2.3 to 0.3)
China;Middle SDI;2.2 (2.1 to 2.4);37.5 (36.9 to 38.0);-2.6 (-3.2 to -2.1);-1.0 (-1.1 to -0.9);-3.3 (-4.1 to -2.5);-1.0 (-1.2 to -0.9);-1.6 (-2.7 to -0.4);-1.0 (-1.2 to -0.8)
Colombia;High-middle SDI;6.0 (4.4 to 7.8);14.4 (11.6 to 17.5);-2.2 (-3.7 to -0.6);-1.8 (-2.9 to -0.7);-1.8 (-4.1 to 0.4);-1.4 (-3.0 to 0.2);-2.8 (-6.4 to 0.9);-2.3 (-4.6 to 0.1)
Comoros;Low SDI;1.2 (1.0 to 1.5);14.0 (11.9 to 16.2);-0.8 (-1.9 to 0.5);-0.2 (-1.2 to 0.9);-1.0 (-2.8 to 1.0);-0.1 (-1.7 to 1.7);-0.5 (-3.1 to 2.0);-0.4 (-2.8 to 1.9)
Congo (Brazzaville);Low-middle SDI;1.2 (0.7 to 1.9);11.0 (9.5 to 12.7);0.5 (-2.3 to 3.5);0.9 (0.1 to 1.7);0.1 (-4.3 to 4.7);0.5 (-0.6 to 1.7);1.1 (-5.1 to 7.1);1.6 (0.1 to 3.3)
Costa Rica;High-middle SDI;4.8 (3.5 to 6.3);10.4 (8.3 to 12.7);-1.1 (-2.8 to 0.7);-1.8 (-2.9 to -0.7);-1.1 (-3.7 to 1.4);-2.0 (-3.4 to -0.5);-1.1 (-4.4 to 2.5);-1.5 (-3.9 to 0.7)
Côte d'Ivoire;Low SDI;1.4 (0.9 to 2.0);14.2 (12.0 to 16.5);-2.4 (-4.7 to -0.1);0.8 (-0.2 to 1.8);-2.1 (-5.8 to 1.5);0.4 (-1.1 to 2.0);-3.0 (-7.8 to 1.5);1.3 (-0.7 to 3.3)
Croatia;High-middle SDI;25.9 (22.3 to 29.7);30.4 (27.7 to 33.3);0.0 (-0.9 to 0.8);-0.9 (-1.4 to -0.4);-0.8 (-2.0 to 0.4);-1.3 (-1.9 to -0.6);1.2 (-0.6 to 2.9);-0.4 (-1.4 to 0.7)
Cuba;High-middle SDI;9.4 (7.2 to 11.9);20.9 (17.4 to 24.8);-2.3 (-3.7 to -0.9);-2.0 (-3.0 to -1.1);-1.5 (-3.7 to 0.6);-1.5 (-2.8 to -0.1);-3.6 (-6.6 to -0.8);-2.9 (-4.8 to -0.9)
Cyprus;High SDI;14.5 (12.5 to 16.5);37.5 (34.6 to 40.5);0.5 (-0.4 to 1.4);0.5 (0.0 to 1.0);1.1 (-0.2 to 2.5);1.1 (0.4 to 1.8);-0.4 (-2.2 to 1.3);-0.5 (-1.5 to 0.4)
Czech Republic;High SDI;19.4 (16.6 to 22.3);28.7 (26.0 to 31.1);-0.5 (-1.3 to 0.3);-0.6 (-1.1 to -0.1);-0.8 (-1.8 to 0.4);-1.0 (-1.7 to -0.3);-0.2 (-1.9 to 1.5);0.0 (-1.0 to 1.0)
Democratic Republic of the Congo;Low SDI;0.9 (0.5 to 1.4);14.1 (12.6 to 15.6);-1.0 (-3.9 to 1.8);-0.1 (-0.7 to 0.6);-1.1 (-5.9 to 3.6);-0.3 (-1.4 to 0.9);-1.0 (-7.7 to 5.1);0.2 (-1.3 to 1.7)
Denmark;High SDI;16.2 (14.7 to 17.6);17.5 (16.1 to 19.1);-3.0 (-3.4 to -2.6);-3.0 (-3.4 to -2.6);-3.5 (-3.9 to -3.1);-2.4 (-2.8 to -2.0);-2.3 (-3.3 to -1.3);-3.8 (-4.8 to -2.8)
Djibouti;Low-middle SDI;2.8 (2.2 to 3.4);21.6 (18.2 to 25.0);0.0 (-1.2 to 1.3);-0.5 (-1.5 to 0.5);0.1 (-2.0– to 1.9);-0.5 (-1.8 to 1.0);0.0 (-2.4 to 2.6);-0.6 (-2.5 to 1.2)
Dominica;High-middle SDI;1.2 (0.9 to 1.7);6.5 (5.0 to 8.3);-0.9 (-2.8 to 1.0);-0.7 (-2.2 to 0.7);-0.7 (-3.7 to 2.2);-0.6 (-2.7 to 1.7);-1.2 (-5.3 to 2.8);-0.9 (-3.9 to 2.0)
Dominican Republic;High-middle SDI;5.2 (3.9 to 7.0);8.7 (7.1 to 10.6);-2.7 (-4.2 to -1.2);-2.4 (-3.6 to -1.2);-2.5 (-4.6 to -0.5);-2.3 (-3.9 to -0.7);-3.1 (-6.1 to -0.1);-2.5 (-4.6 to -0.3)
Ecuador;High-middle SDI;1.9 (1.5 to 2.3);8.9 (7.5 to 10.6);-1.8 (-2.9 to -0.6);-2.3 (-3.3 to -1.3);-0.4 (-2.3 to 1.5);-2.9 (-4.5 to -1.3);-3.8 (-6.2 to -1.4);-1.4 (-3.4 to 0.7)
Egypt;Middle SDI;0.6 (0.4 to 0.8);31.7 (28.8 to 35.0);-0.9 (-2.9 to 1.4);0.2 (-0.4 to 0.9);-1.1 (-4.4 to 2.5);0.0 (-0.9 to 0.9);-0.6 (-5.2 to 3.6);0.6 (-0.7 to 1.9)
El Salvador;Middle SDI;3.3 (2.4 to 4.5);10.0 (7.8 to 12.4);-1.0 (-3.0 to 0.8);-0.3 (-1.6 to 1.0);-1.0 (-3.8 to 1.6);-0.3 (-2.5 to 1.7);-1.0 (-4.7 to 2.6);-0.2 (-3.1 to 2.7)
Equatorial Guinea;Middle SDI;1.2 (0.7 to 1.9);8.6 (7.5 to 9.9);-0.4 (-3.3 to 2.5);0.0 (-0.7 to 0.9);-0.6 (-5.3 to 3.9);0.0 (-1.2 to 1.2);0.0 (-6.2 to 6.2);0.1 (-1.7 to 1.8)
Eritrea;Low SDI;0.6 (0.5 to 0.8);10.2 (8.3 to 12.4);-1.7 (-2.9 to -0.5);-0.9 (-2.1 to 0.2);-1.6 (-3.5 to 0.2);-0.9 (-2.4 to 0.5);-1.7 (-4.2 to 0.7);-1.0 (-3.2 to 1.1)
Estonia;High SDI;14.8 (12.8 to 16.9);30.2 (28.0 to 32.3);-0.7 (-1.4 to 0.0);-0.9 (-1.3 to -0.6);-0.3 (-1.1 to 0.5);-0.3 (-0.7 to 0.1);-1.4 (-3 to 0.2);-1.9 (-2.8 to -1.1)
Ethiopia;Low SDI;0.8 (0.7 to 1.0);7.1 (5.6 to 8.7);-1.5 (-2.8 to -0.3);-0.4 (-1.7 to 0.8);-1.4 (-3.2 to 0.4);-0.9 (-2.7 to 1.0);-1.8 (-4.3 to 0.6);0.3 (-2.1 to 2.6)
Federated States of Micronesia;Middle SDI;6.5 (5.1 to 8.1);20.8 (17.7 to 24.2);-0.2 (-1.5 to 1.1);-0.5 (-1.3 to 0.3);-0.2 (-2.1 to 1.7);-0.5 (-1.8 to 0.8);-0.2 (-2.9 to 2.6);-0.4 (-2.2 to 1.4)
Fiji;High-middle SDI;4.2 (3.4 to 5.2);17.5 (15.3 to 19.9);-0.2 (-1.3 to 1.0);-0.5 (-1.3 to 0.3);-0.5 (-2.3 to 1.4);-0.4 (-1.8 to 0.9);0.4 (-2.1 to 2.8);-0.5 (-2.2 to 1.1)
Finland;High SDI;15.5 (13.8 to 17.4);19.3 (17.4 to 21.1);-0.4 (-0.9 to 0.2);-1.4 (-1.9 to -1.0);-0.4 (-1.0 to 0.1);-1.5 (-1.8 to -1.2);-0.4 (-1.7 to 0.9);-1.3 (-2.4 to -0.4)
France;High SDI;21.5 (19.2 to 23.9);25.3 (22.9 to 27.6);-0.6 (-1.2 to -0.1);-1.5 (-2.0 to -1.1);-0.4 (-1.2 to 0.3);-1.5 (-2.1 to -0.9);-1.0 (-2.3 to 0.4);-1.6 (-2.7 to -0.4)
Gabon;Middle SDI;2.2 (1.3 to 3.6);14.7 (13.1 to 16.4);-0.2 (-2.9 to 2.6);0.4 (-0.2 to 1.2);0.0 (-4.4 to 4.2);0.6 (-0.5 to 1.8);-0.3 (-6.1 to 5.4);0.1 (-1.4 to 1.6)
Georgia;High-middle SDI;3.8 (2.9 to 4.8);38.9 (35.5 to 42.2);-0.1 (-1.7 to 1.5);0.5 (-0.1 to 1.0);-0.3 (-2.8 to 2.3);0.8 (0.0 to 1.6);0.1 (-3.1 to 3.4);-0.1 (-1.2 to 1.0)
Germany;High SDI;19.4 (17.3 to 21.7);25.2 (22.8 to 27.4);-0.3 (-0.9 to 0.2);-0.9 (-1.4 to -0.5);-0.2 (-0.8 to 0.4);-1.1 (-1.6 to -0.6);-0.5 (-1.9 to 0.7);-0.6 (-1.7 to 0.4)
Ghana;Low-middle SDI;0.9 (0.6 to 1.3);5.8 (4.8 to 6.9);-0.8 (-2.9 to 1.4);-1.1 (-2.1 to 0.0);-0.8 (-3.9 to 2.4);-0.9 (-2.4 to 0.7);-0.9 (-5.4 to 3.6);-1.4 (-3.4 to 0.5)
Greece;High-middle SDI;27.2 (24.6 to 29.6);36.6 (34.0 to 39.0);0.5 (-0.1 to 0.9);-0.8 (-1.1 to -0.5);1.2 (0.5 to 1.9);-0.8 (-1.3 to -0.4);-0.6 (-1.7 to 0.5);-0.7 (-1.5 to 0.1)
Greenland;High-middle SDI;44.3 (41.1 to 47.6);42.7 (39.4 to 45.9);-0.8 (-1.1 to -0.4);-1.0 (-1.4 to -0.6);-0.8 (-1.3 to -0.2);-1.1 (-1.6 to -0.5);-0.7 (-1.6 to 0.1);-0.8 (-1.7 to 0.1)
Grenada;High-middle SDI;2.5 (1.8 to 3.4);10.5 (8.3 to 13.1);-0.6 (-2.5 to 1.2);0.3 (-1.0 to 1.6);-0.3 (-3.1 to 2.5);1.0 (-1.1 to 3.0);-1.1 (-4.9 to 2.7);-0.7 (-3.4 to 2.0)
Guam;High SDI;14.5 (12.1 to 17.1);22.1 (19.4 to 24.8);-1.0 (-2.1 to 0.0);-0.9 (-1.6 to -0.1);-0.5 (-2.1 to 1.1);-0.7 (-1.8 to 0.4);-1.7 (-4.0 to 0.6);-1.2 (-2.8 to 0.4)
Guatemala;Low-middle SDI;2.5 (1.8 to 3.4);13.4 (10.8 to 16.4);-1.0 (-2.7 to 0.8);0.3 (-0.9 to 1.6);-1.7 (-4.4 to 1.0);0.0 (-1.8 to 1.8);0.2 (-3.5 to 3.8);0.9 (-1.7 to 3.4)
Guinea;Low SDI;1.4 (0.9 to 2.1);6.9 (5.6 to 8.4);-1.0 (-3.5 to 1.3);-0.6 (-1.7 to 0.5);-1.4 (-5.0 to 2.3);-0.8 (-2.5 to 1.0);-0.6 (-5.7 to 4.1);-0.4 (-2.9 to 2.0)
Guinea-Bissau;Low SDI;1.0 (0.6 to 1.5);11.4 (9.4 to 13.5);-0.9 (-3.4 to 1.6);-0.3 (-1.4 to 0.8);-1.2 (-5.2 to 2.6);-0.5 (-2.1 to 1.1);-0.4 (-5.4 to 4.7);0.1 (-2.2 to 2.2)
Guyana;Middle SDI;2.0 (1.4 to 2.8);15.8 (13.0 to 18.9);-0.9 (-2.7 to 0.9);0.8 (-0.3 to 1.9);-0.1 (-3.0 to 2.7);2.3 (0.6 to 4.1);-2.2 (-6.1 to 1.7);-1.5 (-3.9 to 0.8)
Haiti;Low-middle SDI;3.2 (2.3 to 4.3);8.2 (6.6 to 10.1);-1.5 (-3.3 to 0.2);-2.6 (-3.8 to -1.4);-2.1 (-4.7 to 0.7);-2.8 (-4.7 to -0.8);-0.6 (-4.2 to 3.0);-2.4 (-5.0 to 0.1)
Honduras;Middle SDI;1.8 (1.2 to 2.4);16.4 (13.8 to 19.2);-3.2 (-5.1 to -1.4);-1.0 (-2.0 to 0.0);-3.9 (-6.7 to -1.0);-0.8 (-2.4 to 0.9);-2.2 (-6.3 to 1.9);-1.3 (-3.5 to 0.9)
Hungary;High SDI;22.8 (19.5 to 26.1);27.5 (25.0 to 29.9);-0.1 (-1.0 to 0.8);-1.1 (-1.7 to -0.7);0.4 (-0.8 to 1.7);-0.8 (-1.5 to -0.1);-0.9 (-2.8 to 0.9);-1.7 (-2.7 to -0.6)
Iceland;High SDI;14.4 (12.5 to 16.4);14.5 (13.0 to 16.3);-2.8 (-3.4 to -2.2);-2.8 (-3.4 to -2.3);-3.2 (-3.9 to -2.5);-2.9 (-3.5 to -2.2);-2.2 (-3.7 to -0.7);-2.8 (-4.2 to -1.4)
India;Low-middle SDI;2.8 (2.6 to 3.2);17.4 (16.8 to 18.2);-0.3 (-1.0 to 0.3);-2.1 (-2.3 to -1.8);1.0 (-0.3 to 2.2);-1.4 (-1.8 to -1.0);-2.2 (-3.7 to -0.7);-3.1 (-3.7 to -2.4)
Indonesia;Middle SDI;3.8 (2.7 to 5.1);46.7 (43.9 to 49.5);1.8 (0.0 to 3.7);0.2 (-0.1 to 0.6);5.3 (2.7 to 8.1);0.3 (-0.2 to 0.9);-3.4 (-7.1 to 0.2);0.1 (-0.7 to 0.9)
Iran;High-middle SDI;2.1 (1.4 to 3.0);17.9 (15.3 to 20.6);-0.8 (-3.0 to 1.4);0.1 (-0.8 to 1.0);-1.6 (-4.6 to 1.4);0.3 (-0.9 to 1.5);0.3 (-3.7 to 4.6);-0.2 (-1.9 to 1.5)
Iraq;Middle SDI;3.0 (2.0 to 4.3);23.8 (20.4 to 27.6);0.1 (-2.1 to 2.3);-0.4 (-1.2 to 0.4);0.5 (-2.7 to 4.0);-0.4 (-1.4 to 0.7);-0.6 (-4.7 to 3.5);-0.5 (-2.2 to 1.0)
Ireland;High SDI;21.9 (19.5 to 24.5);20.6 (18.4 to 22.9);-0.5 (-1.1 to 0.0);-1.4 (-1.9 to -0.9);-0.7 (-1.5 to 0.1);-1.4 (-2.0 to -0.7);-0.3 (-1.6 to 1.1);-1.4 (-2.7 to -0.2)
Israel;High SDI;13.0 (11.4 to 14.9);23.4 (21.0 to 26.0);-1.6 (-2.3 to -0.8);-1.2 (-1.8 to -0.6);-2.6 (-3.7 to -1.6);-1.8 (-2.6 to -0.9);0.0 (-1.6 to 1.6);-0.4 (-1.7 to 0.8)
Italy;High SDI;17.1 (15.3 to 19.0);23.2 (21.2 to 25.5);-0.9 (-1.5 to -0.3);-1.1 (-1.5 to -0.6);-0.8 (-1.5 to -0.2);-1.2 (-1.6 to -0.7);-1.0 (-2.2 to 0.2);-0.9 (-1.9 to 0.2)
Jamaica;High-middle SDI;6.3 (4.8 to 8.1);12.7 (10.1 to 15.7);0.2 (-1.4 to 1.8);-1.4 (-2.6 to -0.2);0.8 (-1.5 to 3.2);-0.4 (-2.0 to 1.4);-0.7 (-3.8 to 2.3);-2.9 (-5.3 to -0.5)
Japan;High SDI;9.3 (8.9 to 9.6);26.6 (26.1 to 27.1);-0.7 (-0.9 to -0.5);-2.4 (-2.5 to -2.3);0.7 (0.4 to 1.0);-1.7 (-1.8 to -1.6);-2.8 (-3.2 to -2.3);-3.4 (-3.6 to -3.2)
Jordan;High-middle SDI;6.8 (5.1 to 8.8);30.7 (26.9 to 34.6);-0.4 (-2.2 to 1.4);-0.1 (-0.8 to 0.6);-0.7 (-3.3 to 2.0);0.6 (-0.3 to 1.7);0.0 (-3.5 to 3.3);-1.2 (-2.5 to 0.2)
Kazakhstan;High-middle SDI;4.1 (3.2 to 5.1);37.0 (34.4 to 39.5);0.4 (-1.2 to 2.0);-0.1 (-0.6 to 0.4);1.8 (-0.8 to 4.5);-0.1 (-0.9 to 0.7);-1.7 (-4.9 to 1.6);-0.1 (-1.2 to 0.9)
Kenya;Low SDI;1.0 (1.0 to 1.1);14.9 (14.4 to 15.4);-1.7 (-2.0 to -1.5);-0.8 (-1.0 to -0.6);-1.3 (-1.7 to -1.0);-0.5 (-0.8 to -0.2);-2.4 (-2.8 to -1.9);-1.4 (-1.8 to -0.9)
Kiribati;Low-middle SDI;24.7 (21.3 to 28.4);47.8 (43.8 to 51.5);-0.6 (-1.4 to 0.1);-0.3 (-0.7 to 0.2);0.1 (-0.9 to 1.2);0.1 (-0.5 to 0.8);-1.8 (-3.4 to -0.2);-0.8 (-1.8 to 0.1)
Kuwait;High SDI;5.2 (4.1 to 6.5);23.2 (20.9 to 25.6);3.6 (1.7 to 5.4);-0.6 (-1.2 to 0.1);1.7 (-1.1 to 4.8);-0.6 (-1.7 to 0.4);6.4 (3.1 to 9.8);-0.6 (-1.9 to 0.7)
Kyrgyzstan;Middle SDI;2.8 (2.1 to 3.8);32.9 (30.1 to 35.8);2.9 (1.2 to 4.7);0.2 (-0.3 to 0.7);3.0 (0.4 to 5.6);0.3 (-0.5 to 1.1);2.7 (-0.8 to 6.5);0.0 (-1.0 to 1.2)
Laos;Low-middle SDI;9.7 (6.9 to 13.3);46.5 (42.6 to 50.3);-0.1 (-2.0 to 1.7);-0.3 (-0.8 to 0.1);0.5 (-1.7 to 3);-0.1 (-0.7 to 0.5);-1.0 (-4.5 to 2.4);-0.6 (-1.5 to 0.2)
Latvia;High SDI;16.1 (13.8 to 18.6);38.3 (35.9 to 40.6);0.2 (-0.7 to 1.2);0.1 (-0.3 to 0.5);0.7 (-0.6 to 2.1);0.6 (0 to 1.2);-0.4 (-2.1 to 1.2);-0.6 (-1.3 to 0.1)
Lebanon;High-middle SDI;17.9 (13.8 to 22.8);28.0 (24.5 to 31.8);-0.2 (-1.6 to 1.3);-1.7 (-2.4 to -1.1);-0.2 (-2.2 to 1.9);-2.1 (-2.9 to -1.2);-0.2 (-3.2 to 2.6);-1.2 (-2.7 to 0.2)
Lesotho;Low-middle SDI;0.9 (0.7 to 1.1);28.0 (25.7 to 30.5);-1.9 (-3.6 to -0.3);-0.4 (-0.9 to 0.1);-2.5 (-5.1 to 0.2);-0.4 (-1.1 to 0.3);-1.0 (-4.7 to 2.6);-0.4 (-1.5 to 0.6)
Liberia;Low SDI;0.9 (0.6 to 1.4);10.4 (9.0 to 12.0);-2.5 (-4.9 to -0.2);-0.6 (-1.5 to 0.3);-2.8 (-6.5 to 0.8);-0.2 (-1.7 to 1.2);-2.0 (-7.5 to 3.4);-1.2 (-3.4 to 0.7)
Libya;Middle SDI;0.4 (0.2 to 0.6);24.8 (21.8 to 28.1);-0.3 (-2.8 to 2.3);0.2 (-0.6 to 0.9);-0.7 (-4.4 to 3.2);0.4 (-0.6 to 1.5);0.3 (-4.9 to 5.5);-0.1 (-1.7 to 1.5)
Lithuania;High SDI;14.0 (12.0 to 16.5);32.8 (30.4 to 35.2);0.2 (-0.7 to 1.2);-0.4 (-0.8 to 0.0);0.1 (-1.2 to 1.4);-0.4 (-0.9 to 0.2);0.4 (-1.5 to 2.1);-0.4 (-1.4 to 0.4)
Luxembourg;High SDI;18.5 (16.0 to 21.3);23.8 (21.0 to 26.5);-0.7 (-1.5 to -0.1);-0.9 (-1.5 to -0.4);-0.5 (-1.6 to 0.4);-0.7 (-1.4 to 0.1);-1.1 (-2.6 to 0.6);-1.3 (-2.6 to -0.1)
Macedonia;High-middle SDI;23.2 (20.1 to 26.6);36.1 (33.4 to 38.9);1.0 (-0.1 to 1.9);0.4 (-0.1 to 0.9);1.2 (-0.3 to 2.7);0.7 (0.0 to 1.4);0.7 (-1.3 to 2.8);0.0 (-1.0 to 1.0)
Madagascar;Low SDI;1.5 (1.2 to 1.9);19.0 (15.9 to 22.2);-3.8 (-5.0 to -2.6);-1.6 (-2.5 to -0.6);-3.8 (-5.5 to -1.9);-1.2 (-2.4 to 0.1);-3.9 (-6.3 to -1.1);-2.2 (-4.2 to -0.3)
Malawi;Low SDI;1.4 (1.1 to 1.8);15.3 (13.0 to 17.7);-1.7 (-3.1 to -0.4);-1.2 (-2.2 to -0.3);-1.5 (-3.5 to 0.5);-0.9 (-2.3 to 0.5);-2.2 (-4.9 to 0.8);-1.8 (-3.8 to 0.0)
Malaysia;High-middle SDI;1.7 (1.2 to 2.3);31.9 (28.8 to 35.1);-1.7 (-3.7 to 0.4);-0.7 (-1.2 to -0.1);-1.9 (-5.0 to 1.4);-0.6 (-1.4 to 0.2);-1.3 (-5.4 to 2.6);-0.7 (-2.0 to 0.4)
Maldives;Middle SDI;6.8 (5.1 to 8.7);30.8 (27.7 to 33.9);-1.2 (-2.9 to 0.6);0.7 (0.1 to 1.4);-0.7 (-3.3 to 2.2);0.4 (-0.7 to 1.5);-1.9 (-5.6 to 1.7);1.2 (-0.2 to 2.6)
Mali;Low SDI;0.7 (0.5 to 1.1);10.8 (9.1 to 12.7);-4.6 (-6.8 to -2.3);0.2 (-0.9 to 1.1);-3.7 (-7.4 to -0.2);0.1 (-1.4 to 1.8);-5.9 (-10.8 to -1.0);0.2 (-1.9 to 2.4)
Malta;High-middle SDI;15.1 (13.1 to 17.1);23.4 (20.8 to 25.9);-1.4 (-2.2 to -0.6);-1.9 (-2.5 to -1.3);-1.9 (-3.0 to -0.8);-2.4 (-3.2 to -1.7);-0.6 (-2.3 to 0.9);-1.1 (-2.4 to 0.2)
Marshall Islands;Middle SDI;4.2 (3.4 to 5.2);22.8 (19.4 to 26.5);-0.5 (-1.8 to 0.9);-0.7 (-1.6 to 0.1);-0.7 (-2.6 to 1.2);-0.6 (-1.8 to 0.6);-0.3 (-2.8 to 2.4);-0.8 (-2.5 to 0.6)
Mauritania;Low SDI;2.4 (1.5 to 3.6);14.9 (12.4 to 17.8);-0.7 (-3.3 to 1.6);-0.2 (-1.2 to 0.7);-0.8 (-4.2 to 2.7);0.2 (-1.2 to 1.7);-0.6 (-5.5 to 3.5);-0.9 (-2.9 to 1.1)
Mauritius;High-middle SDI;2.7 (1.8 to 3.9);28.3 (24.9 to 31.7);-0.8 (-3.0 to 1.4);-1.0 (-1.6 to -0.4);-2.5 (-6.0 to 0.9);-1.8 (-2.6 to -1.0);1.8 (-2.9 to 6.0);0.3 (-1.2 to 1.5)
Mexico;Middle SDI;4.8 (4.5 to 5.2);15.0 (14.4 to 15.7);-3.2 (-3.6 to -2.7);-2.5 (-2.7 to -2.3);-5.5 (-6.1 to -4.8);-4.2 (-4.5 to -3.8);0.3 (-0.6 to 1.2);0.0 (-0.5 to 0.5)
Moldova;High-middle SDI;5.1 (4.2 to 6.1);32.5 (30.6 to 34.6);0.4 (-0.9 to 1.6);-0.9 (-1.3 to -0.5);0.3 (-1.8 to 2.3);-1.0 (-1.6 to -0.4);0.5 (-2.3 to 3.2);-0.7 (-1.6 to 0.2)
Mongolia;High-middle SDI;5.1 (3.9 to 6.4);37.0 (33.4 to 40.5);0.4 (-1.1 to 2.0);-0.3 (-0.8 to 0.2);0.3 (-1.7 to 2.4);0.1 (-0.5 to 0.8);0.5 (-2.7 to 3.4);-0.8 (-1.9 to 0.2)
Montenegro;High-middle SDI;26.4 (23.4 to 29.5);33.0 (30.6 to 35.5);1.7 (0.9 to 2.6);0.9 (0.4 to 1.3);2.2 (0.6 to 3.7);1.5 (0.7 to 2.4);1.0 (-0.8 to 2.8);-0.2 (-1.2 to 0.8)
Morocco;Low-middle SDI;0.9 (0.6 to 1.3);16.0 (13.4 to 18.9);-2.5 (-4.8 to -0.2);-1.3 (-2.2 to -0.3);-4.3 (-8.0 to -0.7);-1.1 (-2.4 to 0.2);0.2 (-4.4 to 4.8);-1.6 (-3.4 to 0.3)
Mozambique;Low SDI;3.1 (2.5 to 3.8);17.2 (14.5 to 20.1);-1.5 (-2.7 to -0.2);-0.5 (-1.5 to 0.5);-0.5 (-2.3 to 1.2);0.6 (-0.7 to 1.9);-2.9 (-5.2 to -0.7);-2.1 (-3.9 to -0.5)
Myanmar;Low-middle SDI;6.5 (5.0 to 8.4);25.8 (23.5 to 28.4);-1.3 (-2.9 to 0.4);-1.6 (-2.1 to -1.0);-0.3 (-2.6 to 2.3);-1.7 (-2.5 to -1.0);-2.7 (-5.7 to 0.3);-1.3 (-2.4 to -0.2)
Namibia;Middle SDI;6.8 (5.3 to 8.6);18.3 (16.5 to 20.1);-1.8 (-3.0 to -0.5);-1.1 (-1.7 to -0.6);-1.2 (-3.1 to 0.8);-1.0 (-1.8 to -0.1);-2.8 (-5.4 to -0.3);-1.4 (-2.6 to -0.3)
Nepal;Low-middle SDI;12.7 (9.6 to 16.0);27.4 (23.9 to 31.4);-2.5 (-3.9 to -0.9);-1.7 (-2.4 to -1.0);-0.9 (-2.7 to 1.3);-1.1 (-1.9 to -0.2);-4.8 (-7.7 to -2.2);-2.6 (-4.0 to -1.1)
Netherlands;High SDI;16.6 (15.0 to 18.4);19.0 (17.1 to 20.8);-1.7 (-2.2 to -1.3);-1.8 (-2.2 to -1.4);-1.4 (-1.9 to -0.9);-1.2 (-1.6 to -0.8);-2.2 (-3.3 to -1.1);-2.7 (-3.8 to -1.7)
New Zealand;High SDI;14.9 (14.0 to 15.9);16.3 (15.3 to 17.2);-1.8 (-2.1 to -1.5);-1.5 (-1.8 to -1.3);-1.3 (-1.7 to -0.9);-1.2 (-1.5 to -0.8);-2.5 (-3.2 to -1.7);-2.1 (-2.8 to -1.5)
Nicaragua;Middle SDI;5.4 (3.9 to 7.2);12.6 (10.0 to 15.7);-0.6 (-2.4 to 1.1);-0.9 (-2.1 to 0.4);-1.0 (-3.6 to 1.6);-1.3 (-3.1 to 0.6);-0.2 (-3.9 to 3.4);-0.3 (-2.8 to 2.5)
Niger;Low SDI;0.7 (0.4 to 1.0);8.0 (6.6 to 9.5);-1.9 (-4.4 to 0.6);0.7 (-0.5 to 1.7);-1.8 (-5.5 to 1.8);0.2 (-1.3 to 2.0);-1.9 (-6.5 to 2.9);1.3 (-1.0 to 3.6)
Nigeria;Low-middle SDI;1.3 (0.9 to 1.9);5.5 (4.6 to 6.7);-4.4 (-6.3 to -2.4);-3.2 (-4.1 to -2.4);-7.1 (-10.2 to -3.9);-3.9 (-5.2 to -2.7);-0.3 (-4.9 to 4.4);-2.1 (-4.3 to 0.1)
North Korea;Middle SDI;0.9 (0.6 to 1.4);36.7 (33.6 to 39.8);-0.8 (-3.4 to 1.9);-0.7 (-1.2 to -0.3);-0.6 (-4.9 to 3.9);-0.5 (-1.1 to 0.1);-1.0 (-7.0 to 5.1);-1.1 (-2.1 to -0.1)
Northern Mariana Islands;High SDI;25.1 (21.1 to 29.6);45.9 (41.7 to 50.1);-0.2 (-1.1 to 0.7);-0.3 (-0.7 to 0.2);-0.1 (-1.6 to 1.3);-0.2 (-0.9 to 0.5);-0.3 (-2.1 to 1.5);-0.4 (-1.4 to 0.7)
Norway;High SDI;14.8 (13.1 to 16.7);15.0 (13.3 to 16.7);-2.6 (-3.2 to -2.0);-2.8 (-3.3 to -2.2);-2.7 (-3.7 to -1.9);-2.5 (-3.4 to -1.7);-2.4 (-3.9 to -0.8);-3.1 (-4.5 to -1.8)
Oman;High-middle SDI;1.5 (1.0 to 2.1);9.5 (8.0 to 11.4);0.6 (-1.6 to 2.9);-1.4 (-2.4 to -0.5);1.6 (-1.4 to 4.6);-2.2 (-3.5 to -0.9);-0.9 (-5.3 to 3.5);-0.2 (-2.2 to 1.8)
Pakistan;Low-middle SDI;4.3 (3.4 to 5.5);16.9 (14.9 to 19.2);-0.4 (-2.3 to 1.6);-2.0 (-2.8 to -1.1);-0.7 (-3.9 to 2.9);-1.1 (-2.3 to 0.3);0.1 (-3.4 to 3.8);-3.3 (-5.0 to -1.7)
Palestine;Middle SDI;2.5 (1.7 to 3.5);30.4 (27.2 to 34.0);-0.8 (-2.9 to 1.2);-0.4 (-1.0 to 0.2);-1.0 (-4.2 to 2.2);-0.2 (-0.9 to 0.6);-0.6 (-5.5 to 3.8);-0.7 (-1.9 to 0.5)
Panama;High-middle SDI;2.4 (1.9 to 3.0);4.6 (3.8 to 5.5);-2.1 (-3.5 to -0.6);-4.1 (-5.3 to -2.9);-1.1 (-3.7 to 1.5);-2.6 (-4.5 to -0.6);-3.7 (-7.1 to -0.1);-6.3 (-8.9 to -3.6)
Papua New Guinea;Low-middle SDI;15.0 (12.6 to 17.7);37.6 (33.8 to 41.5);-0.2 (-1.2 to 0.9);-0.5 (-1.0 to 0.1);1.2 (-0.2 to 2.6);0.1 (-0.7 to 0.9);-2.2 (-4.2 to -0.2);-1.2 (-2.4 to -0.1)
Paraguay;Middle SDI;7.7 (5.8 to 10.2);12.5 (10.1 to 15.5);-0.4 (-2.3 to 1.3);-2.1 (-3.3 to -1.0);-1.3 (-3.9 to 1.6);-1.6 (-3.2 to 0.2);0.9 (-2.7 to 4.4);-2.9 (-5.6 to -0.5)
Peru;High-middle SDI;4.2 (3.5 to 5.0);11.9 (9.5 to 14.6);-0.5 (-1.7 to 0.7);-1.3 (-2.4 to -0.1);-0.2 (-1.8 to 1.6);-0.9 (-2.9 to 1.0);-1.0 (-3.2 to 1.4);-1.8 (-4.4 to 0.5)
Philippines;Middle SDI;7.4 (5.6 to 9.7);34.5 (31.1 to 38.0);-0.8 (-2.5 to 0.9);-0.4 (-1.0 to 0.2);-1.0 (-3.4 to 1.5);-0.2 (-0.9 to 0.6);-0.6 (-3.7 to 2.6);-0.8 (-2.0 to 0.3)
Poland;High SDI;19.3 (16.7 to 22.1);26.7 (24.6 to 28.8);-0.9 (-1.6 to -0.3);-1.7 (-2.1 to -1.3);-0.9 (-1.7 to 0.0);-1.8 (-2.3 to -1.3);-0.9 (-2.7 to 0.9);-1.5 (-2.5 to -0.4)
Portugal;High-middle SDI;12.7 (11.0 to 14.8);24.9 (22.7 to 27.2);1.3 (0.4 to 2.1);-1.0 (-1.4 to -0.6);2.1 (0.9 to 3.3);-1.2 (-1.8 to -0.6);0.0 (-1.8 to 1.8);-0.7 (-1.7 to 0.3)
Puerto Rico;High SDI;5.7 (4.4 to 7.4);12.1 (10.1 to 14.5);-0.3 (-1.8 to 1.2);-0.4 (-1.5 to 0.8);-0.1 (-2.6 to 2.7);-0.2 (-2.0 to 1.6);-0.7 (-4.3 to 2.9);-0.5 (-3.1 to 2.0)
Qatar;High-middle SDI;2.3 (1.7 to 3.1);12.2 (10.4 to 14.0);-3.2 (-5.2 to -1.4);-0.1 (-1.1 to 0.8);-6.0 (-9.8 to -2.6);-1.6 (-3.1 to 0.1);1.0 (-3.7 to 5.8);2.0 (-0.2 to 4.2)
Romania;High-middle SDI;15.7 (13.3 to 18.4);29.3 (26.9 to 31.9);0.0 (-0.9 to 1.1);-0.1 (-0.5 to 0.5);0.8 (-0.4 to 2.1);0.9 (0.3 to 1.7);-1.1 (-3.1 to 1.1);-1.6 (-2.6 to -0.6)
Russia;High SDI;12.3 (10.6 to 14.2);38.2 (36.0 to 40.3);1.8 (0.9 to 2.7);-0.5 (-0.8 to -0.2);3.2 (2.0 to 4.4);0.2 (-0.2 to 0.6);-0.3 (-2.0 to 1.5);-1.5 (-2.1 to -0.9)
Rwanda;Low SDI;3.8 (3.2 to 4.6);12.4 (10.6 to 14.3);0.1 (-1.0 to 1.3);-1.2 (-2.2 to -0.3);-0.3 (-2.2 to 1.5);-1.3 (-2.8 to 0.2);0.6 (-1.8 to 3.0);-1.1 (-3.1 to 0.9)
Saint Lucia;High-middle SDI;1.8 (1.3 to 2.4);14.3 (11.5 to 17.7);0.0 (-2.0 to 1.8);0.6 (-0.6 to 1.9);0.4 (-2.6 to 3.2);1.5 (-0.5 to 3.5);-0.7 (-4.8 to 3.2);-0.7 (-3.4 to 1.8)
Saint Vincent and the Grenadines;High-middle SDI;1.8 (1.3 to 2.5);10.8 (8.6 to 13.3);-0.8 (-2.5 to 0.9);-1.6 (-2.8 to -0.5);-0.7 (-3.6 to 2.2);-2.1 (-4.2 to -0.2);-1.0 (-5.0 to 3.0);-0.9 (-3.6 to 1.8)
Samoa;Middle SDI;11.9 (9.7 to 14.4);34.8 (30.8 to 38.9);-0.6 (-1.7 to 0.5);-1.0 (-1.6 to -0.4);-0.5 (-2.1 to 1.2);-1.1 (-1.8 to -0.3);-0.8 (-3.1 to 1.4);-0.9 (-2.2 to 0.3)
São Tomé and Príncipe;Low-middle SDI;1.0 (0.7 to 1.5);6.2 (5.0 to 7.3);-1.0 (-3.2 to 1.3);-0.2 (-1.3 to 0.9);-1.4 (-5.0 to 2.1);-0.5 (-2.2 to 1.1);-0.2 (-5.0 to 4.6);0.2 (-2.1 to 2.5)
Saudi Arabia;High-middle SDI;1.7 (1.4 to 2.0);19.5 (18.5 to 20.6);-2.9 (-4.0 to -1.9);2.4 (2.1 to 2.8);-4.9 (-6.5 to -3.2);3.6 (2.9 to 4.2);0.0 (-2.2 to 2.2);0.7 (0.0 to 1.6)
Senegal;Low SDI;1.5 (1.1 to 1.9);8.3 (7.2 to 9.6);1.1 (-0.8 to 3.0);-3.0 (-3.9 to -2.1);-0.9 (-4.3 to 2.7);-2.4 (-3.8 to -0.9);4.1 (-0.1 to 8.3);-3.9 (-5.8 to -2.0)
Serbia;High-middle SDI;18.9 (15.6 to 22.4);28.7 (25.9 to 31.6);0.2 (-0.8 to 1.2);0.1 (-0.5 to 0.7);1.3 (-0.1 to 2.8);1.1 (0.4 to 1.8);-1.5 (-3.5 to 0.3);-1.5 (-2.6 to -0.5)
Seychelles;High-middle SDI;4.2 (2.8 to 5.9);23.7 (20.7 to 26.7);0.6 (-1.7 to 2.7);-0.2 (-1.0 to 0.5);0.0 (-3.3 to 3.3);-0.3 (-1.4 to 0.9);1.4 (-3.2 to 5.6);-0.2 (-1.6 to 1.2)
Sierra Leone;Low SDI;3.8 (2.7 to 5.2);21.7 (19.4 to 24.3);-0.9 (-3.0 to 1.2);-0.5 (-1.3 to 0.2);-0.4 (-3.5 to 2.7);0.0 (-1.1 to 1.2);-1.7 (-5.9 to 2.8);-1.3 (-2.8 to 0.3)
Singapore;High SDI;6.3 (5.3 to 7.4);17.9 (16.2 to 19.4);0.3 (-0.6 to 1.2);-0.9 (-1.4 to -0.4);-0.4 (-1.7 to 0.9);-1.6 (-2.3 to -0.9);1.3 (-0.5 to 3.0);0.2 (-0.8 to 1.1)
Slovakia;High SDI;15.1 (12.5 to 18.0);25.6 (23.1 to 28.1);-0.2 (-1.3 to 1.0);-1.4 (-2.0 to -0.9);-0.5 (-2.2 to 1.4);-2.0 (-2.8 to -1.1);0.3 (-2.1 to 2.5);-0.5 (-1.7 to 0.6)
Slovenia;High SDI;18.5 (15.8 to 21.6);23.1 (20.8 to 25.5);-0.4 (-1.4 to 0.6);-1.7 (-2.3 to -1.2);-0.7 (-2.2 to 0.8);-2.7 (-3.4 to -2.0);0.0 (-1.8 to 1.9);-0.3 (-1.6 to 0.9)
Solomon Islands;Low-middle SDI;9.7 (7.9 to 11.8);28.5 (24.8 to 32.3);-0.5 (-1.7 to 0.6);-0.4 (-1.1 to 0.4);-0.2 (-1.9 to 1.6);-0.2 (-1.3 to 0.9);-1.0 (-3.3 to 1.4);-0.6 (-2.0 to 0.8)
Somalia;Low SDI;1.6 (1.3 to 2.0);13.1 (10.7 to 16.0);-2.1 (-3.3 to -0.9);-1.1 (-2.2 to 0.0);-2.6 (-4.5 to -0.6);-1.2 (-2.9 to 0.5);-1.3 (-3.9 to 1.2);-0.9 (-3.2 to 1.6)
South Africa;Middle SDI;7.5 (7.0 to 8.1);21.9 (21.2 to 22.7);-2.9 (-3.4 to -2.4);-1.9 (-2.1 to -1.7);-4.1 (-4.9 to -3.3);-2.8 (-3.1 to -2.5);-1.0 (-2.1 to 0.1);-0.6 (-1.0 to -0.1)
South Korea;High SDI;8.8 (7.6 to 10.1);33.5 (31.6 to 35.5);2.4 (1.5 to 3.2);-2.3 (-2.6 to -2.1);3.6 (2.3 to 4.8);-2.8 (-3.1 to -2.4);0.6 (-1.3 to 2.3);-1.6 (-2.4 to -1.0)
South Sudan;Low SDI;1.7 (1.3 to 2.0);13.3 (10.9 to 16.0);-2.1 (-3.2 to -0.9);-1.0 (-2.1 to 0.0);-2.5 (-4.4 to -0.7);-1.1 (-2.7 to 0.6);-1.4 (-3.6 to 1.0);-1.0 (-3.4 to 1.4)
Spain;High-middle SDI;18.6 (16.4 to 20.7);25.6 (23.3 to 27.8);-1.1 (-1.6 to -0.6);-1.7 (-2.1 to -1.3);-0.6 (-1.2 to 0.2);-1.5 (-1.9 to -1.0);-1.9 (-3.3 to -0.6);-2.0 (-3.1 to -1.0)
Sri Lanka;High-middle SDI;1.2 (0.8 to 1.7);19.2 (16.8 to 21.5);-3.6 (-5.8 to -1.5);-0.6 (-1.4 to 0.1);-5.9 (-9.1 to -2.7);-1.0 (-1.9 to 0.1);-0.2 (-4.3 to 4.1);-0.1 (-1.6 to 1.2)
Sudan;Low-middle SDI;0.4 (0.2 to 0.6);1.3 (1.0 to 1.7);1.0 (-2.0 to 4.4);-0.5 (-2.1 to 1.0);0.4 (-4.7 to 5.7);-1.1 (-3.4 to 1.3);1.9 (-4.8 to 8.8);0.3 (-2.7 to 3.6)
Suriname;High-middle SDI;7.5 (5.5 to 9.9);27.3 (24.5 to 30.2);0.4 (-1.2 to 2.1);1.2 (0.3 to 2.2);0.7 (-1.9 to 3.0);0.8 (-0.7 to 2.5);-0.1 (-3.7 to 3.6);1.8 (-0.1 to 3.8)
Swaziland;Middle SDI;1.3 (1.0 to 1.7);10.2 (9.0 to 11.4);-3.1 (-4.6 to -1.6);-2.2 (-2.9 to -1.5);-2.7 (-5.2 to -0.6);-3.3 (-4.4 to -2.4);-3.7 (-7.0 to -0.5);-0.6 (-1.9 to 0.9)
Sweden;High SDI;11.4 (10.6 to 12.1);10.3 (9.7 to 11.0);-2.7 (-3.2 to -2.2);-3.2 (-3.6 to -2.8);-2.5 (-3.1 to -1.8);-4.4 (-5.0 to -3.8);-3.1 (-3.9 to -2.3);-1.4 (-2.1 to -0.6)
Switzerland;High SDI;16.5 (14.6 to 18.7);21.9 (19.6 to 24.1);-1.4 (-2.0 to -0.9);-1.3 (-1.8 to -0.9);-1.2 (-1.9 to -0.5);-1.0 (-1.7 to -0.5);-1.8 (-3.3 to -0.4);-1.6 (-2.9 to -0.4)
Syria;Middle SDI;8.5 (5.9 to 11.6);21.0 (18.0 to 24.2);-1.2 (-3.1 to 0.6);-0.8 (-1.6 to 0.1);-1.1 (-4.0 to 1.9);-0.6 (-1.9 to 0.7);-1.4 (-5.5 to 2.5);-1.0 (-2.6 to 0.6)
Taiwan;High SDI;3.4 (2.2 to 5.2);19.0 (16.8 to 21.0);-1.1 (-3.5 to 1.3);-3.0 (-3.5 to -2.4);-1.4 (-5.1 to 2.5);-2.0 (-2.8 to -1.3);-0.7 (-5.6 to 3.8);-4.3 (-5.7 to -3.2)
Tajikistan;Middle SDI;0.4 (0.3 to 0.6);19.6 (16.8 to 22.7);-2.9 (-4.7 to -1.0);-2.8 (-3.6 to -2.2);-4.1 (-7.0 to -1.3);-4.2 (-5.2 to -3.1);-1.0 (-4.9 to 2.9);-0.9 (-2.6 to 0.9)
Tanzania;Low-middle SDI;1.4 (1.2 to 1.8);16.0 (13.9 to 18.4);-0.7 (-1.9 to 0.5);-0.5 (-1.4 to 0.4);-1.0 (-3.0 to 1.0);-0.3 (-1.6 to 1.3);-0.4 (-3.0 to 2.4);-0.9 (-2.7 to 0.9)
Thailand;High-middle SDI;3.3 (2.3 to 4.6);30.9 (28.0 to 34.1);-1.6 (-3.6 to 0.4);-1.3 (-1.7 to -0.9);-2.7 (-5.6 to 0.3);-1.9 (-2.4 to -1.3);-0.1 (-4.3 to 3.9);-0.5 (-1.6 to 0.6)
The Bahamas;High SDI;3.7 (2.7 to 5.1);8.0 (6.3 to 10.1);3.0 (1.2 to 4.8);2.0 (0.5 to 3.3);2.7 (-0.1 to 5.6);1.4 (-1.0 to 3.7);3.3 (-0.6 to 7.1);2.8 (-0.1 to 5.6)
The Gambia;Low SDI;0.8 (0.5 to 1.2);19.3 (16.7 to 21.9);-1.6 (-3.8 to 0.6);-0.8 (-1.5 to 0.1);-2.0 (-5.6 to 1.5);-0.7 (-2.0 to 0.6);-1.0 (-5.8 to 3.9);-0.8 (-2.7 to 1.1)
Timor-Leste;Low-middle SDI;12.4 (9.8 to 15.1);39.8 (37.2 to 42.5);4.5 (2.8 to 6.3);-0.1 (-0.5 to 0.4);3.7 (0.3 to 7.0);0.2 (-0.5 to 0.9);5.8 (2.3 to 9.5);-0.4 (-1.2 to 0.6)
Togo;Low SDI;1.1 (0.7 to 1.6);9.2 (7.9 to 10.7);-2.3 (-4.5 to 0.0);-0.2 (-1.1 to 0.7);-2.3 (-5.8 to 1.0);0.0 (-1.6 to 1.5);-2.4 (-7.2 to 2.9);-0.5 (-2.6 to 1.7)
Tonga;Middle SDI;11.0 (9.2 to 12.9);38.3 (35.2 to 41.8);-1.2 (-2.2 to -0.3);0.1 (-0.4 to 0.6);-2.1 (-3.5 to -0.9);0.2 (-0.4 to 0.9);0.1 (-1.7 to 2.0);-0.2 (-1.2 to 0.8)
Trinidad and Tobago;High SDI;5.1 (3.8 to 6.5);22.3 (19.0 to 25.8);1.3 (-0.4 to 3.1);-0.5 (-1.4 to 0.4);1.4 (-1.7 to 4.5);-0.8 (-2.2 to 0.7);1.2 (-2.7 to 4.9);-0.1 (-2.1 to 1.8)
Tunisia;Middle SDI;3.0 (2.0 to 4.2);36.1 (32.0 to 40.4);-2.4 (-4.5 to -0.4);-0.5 (-1.1 to 0.1);-3.9 (-6.7 to -1.0);-0.2 (-1.1 to 0.6);-0.1 (-4.1 to 3.8);-0.9 (-2.1 to 0.4)
Turkey;High-middle SDI;13.7 (11.0 to 16.7);31.2 (28.6 to 33.9);0.1 (-1.0 to 1.5);-1.9 (-2.3 to -1.4);0.3 (-1.4 to 2.3);-1.4 (-2.0 to -0.8);-0.3 (-2.6 to 2.1);-2.6 (-3.6 to -1.6)
Turkmenistan;High-middle SDI;0.9 (0.7 to 1.3);13.3 (11.4 to 15.5);-0.6 (-2.4 to 1.3);-1.2 (-2.1 to -0.3);-0.8 (-3.8 to 2.0);-1.5 (-3.0 to -0.1);-0.2 (-4.0 to 3.9);-0.8 (-2.8 to 1.0)
Uganda;Low SDI;2.6 (2.2 to 3.1);9.3 (8.0 to 10.8);-0.1 (-1.2 to 1.1);-2.2 (-3.2 to -1.1);-0.9 (-2.8 to 0.9);-1.5 (-3.2 to 0.2);1.2 (-1.3 to 3.7);-3.2 (-5.5 to -1.1)
Ukraine;High-middle SDI;11.5 (9.4 to 13.7);40.6 (37.8 to 43.4);0.2 (-1.0 to 1.3);-0.8 (-1.2 to -0.5);0.7 (-1.0 to 2.4);-0.2 (-0.6 to 0.3);-0.7 (-2.8 to 1.4);-1.8 (-2.5 to -1.1)
United Arab Emirates;High SDI;1.8 (1.2 to 2.6);11.3 (9.3 to 13.4);-2.3 (-4.5 to -0.2);-0.8 (-1.8 to 0.2);-4.0 (-7.3 to -0.6);-0.3 (-1.8 to 1.1);0.1 (-4.5 to 4.8);-1.6 (-3.7 to 0.5)
UK;High SDI;18.1 (16.4 to 20.0);19.9 (18.1 to 21.7);-1.4 (-2.0 to -0.8);-1.4 (-1.9 to -1.0);-1.6 (-2.3 to -0.8);-1.8 (-2.4 to -1.1);-1.2 (-2.3 to -0.1);-0.9 (-2.0 to 0.1)
USA;High SDI;11.7 (11.5 to 12.0);14.4 (14.0 to 14.7);-2.2 (-2.3 to -2.1);-2.0 (-2.1 to -1.8);-2.4 (-2.5 to -2.3);-1.7 (-1.8 to -1.6);-2.0 (-2.2 to -1.8);-2.4 (-2.6 to -2.1)
Uruguay;High-middle SDI;17.0 (14.8 to 19.3);21.3 (18.8 to 24.0);-1.0 (-1.7 to -0.3);-2.0 (-2.6 to -1.4);-0.4 (-1.4 to 0.6);-1.9 (-2.6 to -1.1);-1.8 (-3.4 to -0.3);-2.3 (-3.6 to -1.0)
Uzbekistan;High-middle SDI;3.3 (2.5 to 4.2);14.1 (12.4 to 16.0);2.4 (0.9 to 4.1);-0.6 (-1.4 to 0.3);3.6 (1.0 to 6.2);0.3 (-1.0 to 1.6);0.6 (-2.5 to 3.8);-1.9 (-3.6 to -0.2)
Vanuatu;Low-middle SDI;2.8 (2.2 to 3.4);28.5 (25.5 to 31.7);-1.8 (-3.0 to -0.5);-0.7 (-1.3 to -0.1);-2.9 (-4.8 to -1.0);-2.1 (-3.2 to -1.1);-0.2 (-3.0 to 2.5);1.4 (0.0 to 2.9)
Venezuela;High-middle SDI;9.9 (7.5 to 12.7);16.7 (13.8 to 20.0);-0.6 (-2.1 to 0.9);-0.7 (-1.7 to 0.4);-0.2 (-2.7 to 2.2);-0.5 (-2.2 to 1.2);-1.1 (-4.5 to 2.1);-0.9 (-3.2 to 1.5)
Vietnam;Middle SDI;1.4 (1.0 to 1.9);35.4 (32.1 to 38.7);-4.4 (-6.1 to -2.7);-1.5 (-1.9 to -1.0);-7.5 (-9.6 to -5.2);-1.8 (-2.3 to -1.2);0.3 (-3.7 to 4.2);-1.0 (-2.1 to 0.0)
Virgin Islands, USA;High SDI;2.8 (2.1 to 3.8);4.4 (3.4 to 5.6);-1.2 (-2.9 to 0.6);-1.2 (-2.7 to 0.2);-1.0 (-3.9 to 1.8);-1.0 (-3.2 to 1.2);-1.4 (-5.0 to 2.1);-1.5 (-4.7 to 1.5)
Yemen;Low-middle SDI;6.3 (4.3 to 8.8);18.8 (16.1 to 21.8);-0.9 (-3.1 to 1.1);-0.7 (-1.6 to 0.2);-1.0 (-3.7 to 2.0);-0.3 (-1.4 to 0.9);-0.8 (-4.8 to 3.2);-1.4 (-3.0 to 0.2)
Zambia;Low-middle SDI;3.1 (2.5 to 3.8);15.2 (12.3 to 18.1);-0.5 (-1.7 to 0.7);-0.7 (-1.8 to 0.2);-0.4 (-2.1 to 1.5);-0.7 (-2.1 to 0.7);-0.8 (-3.3 to 1.8);-0.8 (-2.8 to 1.1)
Zimbabwe;Low-middle SDI;1.4 (1.0 to 1.9);20.8 (18.9 to 22.7);-2.8 (-4.6 to -1.1);-0.3 (-0.8 to 0.3);-1.5 (-4.1 to 1.0);-0.5 (-1.4 to 0.3);-4.9 (-8.3 to -1.6);0.1 (-0.9 to 1.2)
